state,consumer_category,sub-category,supply_voltage_category,supply_voltage,month,tod_start_time,tod_end_time,base_energy_rate,base_energy_unit,tod_charge_percent,energy_rate
Uttar Pradesh,LMV-11,Multistoried Buildings (Common Usage),Low Tension (LT),—,202604,—,—,6.2,kWh,0,6.2
Uttar Pradesh,LMV-11,Multistoried Buildings (Common Usage),Low Tension (LT),—,202605,—,—,6.2,kWh,0,6.2
Uttar Pradesh,LMV-11,Multistoried Buildings (Common Usage),Low Tension (LT),—,202606,—,—,6.2,kWh,0,6.2
Uttar Pradesh,LMV-11,Multistoried Buildings (Common Usage),Low Tension (LT),—,202607,—,—,6.2,kWh,0,6.2
Uttar Pradesh,LMV-11,Multistoried Buildings (Common Usage),Low Tension (LT),—,202608,—,—,6.2,kWh,0,6.2
Uttar Pradesh,LMV-11,Multistoried Buildings (Common Usage),Low Tension (LT),—,202609,—,—,6.2,kWh,0,6.2
Uttar Pradesh,LMV-11,Multistoried Buildings (Common Usage),Low Tension (LT),—,202610,—,—,6.2,kWh,0,6.2
Uttar Pradesh,LMV-11,Multistoried Buildings (Common Usage),Low Tension (LT),—,202611,—,—,6.2,kWh,0,6.2
Uttar Pradesh,LMV-11,Multistoried Buildings (Common Usage),Low Tension (LT),—,202612,—,—,6.2,kWh,0,6.2
Uttar Pradesh,LMV-11,Multistoried Buildings (Common Usage),Low Tension (LT),—,202701,—,—,6.2,kWh,0,6.2
Uttar Pradesh,LMV-11,Multistoried Buildings (Common Usage),Low Tension (LT),—,202702,—,—,6.2,kWh,0,6.2
Uttar Pradesh,LMV-11,Multistoried Buildings (Common Usage),Low Tension (LT),—,202703,—,—,6.2,kWh,0,6.2
Uttar Pradesh,LMV-11,Multistoried Buildings (Common Usage),High Tension (HT),—,202604,—,—,5.9,kWh,0,5.9
Uttar Pradesh,LMV-11,Multistoried Buildings (Common Usage),High Tension (HT),—,202605,—,—,5.9,kWh,0,5.9
Uttar Pradesh,LMV-11,Multistoried Buildings (Common Usage),High Tension (HT),—,202606,—,—,5.9,kWh,0,5.9
Uttar Pradesh,LMV-11,Multistoried Buildings (Common Usage),High Tension (HT),—,202607,—,—,5.9,kWh,0,5.9
Uttar Pradesh,LMV-11,Multistoried Buildings (Common Usage),High Tension (HT),—,202608,—,—,5.9,kWh,0,5.9
Uttar Pradesh,LMV-11,Multistoried Buildings (Common Usage),High Tension (HT),—,202609,—,—,5.9,kWh,0,5.9
Uttar Pradesh,LMV-11,Multistoried Buildings (Common Usage),High Tension (HT),—,202610,—,—,5.9,kWh,0,5.9
Uttar Pradesh,LMV-11,Multistoried Buildings (Common Usage),High Tension (HT),—,202611,—,—,5.9,kWh,0,5.9
Uttar Pradesh,LMV-11,Multistoried Buildings (Common Usage),High Tension (HT),—,202612,—,—,5.9,kWh,0,5.9
Uttar Pradesh,LMV-11,Multistoried Buildings (Common Usage),High Tension (HT),—,202701,—,—,5.9,kWh,0,5.9
Uttar Pradesh,LMV-11,Multistoried Buildings (Common Usage),High Tension (HT),—,202702,—,—,5.9,kWh,0,5.9
Uttar Pradesh,LMV-11,Multistoried Buildings (Common Usage),High Tension (HT),—,202703,—,—,5.9,kWh,0,5.9
Uttar Pradesh,LMV-11,"Public Charging, BaaS, Swapping Stations",Low Tension (LT),—,202604,9:00,16:00,6.16,kWh,-20,4.928
Uttar Pradesh,LMV-11,"Public Charging, BaaS, Swapping Stations",Low Tension (LT),—,202604,16:00,9:00,7.7,kWh,0,7.7
Uttar Pradesh,LMV-11,"Public Charging, BaaS, Swapping Stations",Low Tension (LT),—,202605,9:00,16:00,6.16,kWh,-20,4.928
Uttar Pradesh,LMV-11,"Public Charging, BaaS, Swapping Stations",Low Tension (LT),—,202605,16:00,9:00,7.7,kWh,0,7.7
Uttar Pradesh,LMV-11,"Public Charging, BaaS, Swapping Stations",Low Tension (LT),—,202606,9:00,16:00,6.16,kWh,-20,4.928
Uttar Pradesh,LMV-11,"Public Charging, BaaS, Swapping Stations",Low Tension (LT),—,202606,16:00,9:00,7.7,kWh,0,7.7
Uttar Pradesh,LMV-11,"Public Charging, BaaS, Swapping Stations",Low Tension (LT),—,202607,9:00,16:00,6.16,kWh,-20,4.928
Uttar Pradesh,LMV-11,"Public Charging, BaaS, Swapping Stations",Low Tension (LT),—,202607,16:00,9:00,7.7,kWh,0,7.7
Uttar Pradesh,LMV-11,"Public Charging, BaaS, Swapping Stations",Low Tension (LT),—,202608,9:00,16:00,6.16,kWh,-20,4.928
Uttar Pradesh,LMV-11,"Public Charging, BaaS, Swapping Stations",Low Tension (LT),—,202608,16:00,9:00,7.7,kWh,0,7.7
Uttar Pradesh,LMV-11,"Public Charging, BaaS, Swapping Stations",Low Tension (LT),—,202609,9:00,16:00,6.16,kWh,-20,4.928
Uttar Pradesh,LMV-11,"Public Charging, BaaS, Swapping Stations",Low Tension (LT),—,202609,16:00,9:00,7.7,kWh,0,7.7
Uttar Pradesh,LMV-11,"Public Charging, BaaS, Swapping Stations",Low Tension (LT),—,202610,9:00,16:00,6.16,kWh,-20,4.928
Uttar Pradesh,LMV-11,"Public Charging, BaaS, Swapping Stations",Low Tension (LT),—,202610,16:00,9:00,7.7,kWh,0,7.7
Uttar Pradesh,LMV-11,"Public Charging, BaaS, Swapping Stations",Low Tension (LT),—,202611,9:00,16:00,6.16,kWh,-20,4.928
Uttar Pradesh,LMV-11,"Public Charging, BaaS, Swapping Stations",Low Tension (LT),—,202611,16:00,9:00,7.7,kWh,0,7.7
Uttar Pradesh,LMV-11,"Public Charging, BaaS, Swapping Stations",Low Tension (LT),—,202612,9:00,16:00,6.16,kWh,-20,4.928
Uttar Pradesh,LMV-11,"Public Charging, BaaS, Swapping Stations",Low Tension (LT),—,202612,16:00,9:00,7.7,kWh,0,7.7
Uttar Pradesh,LMV-11,"Public Charging, BaaS, Swapping Stations",Low Tension (LT),—,202701,9:00,16:00,6.16,kWh,-20,4.928
Uttar Pradesh,LMV-11,"Public Charging, BaaS, Swapping Stations",Low Tension (LT),—,202701,16:00,9:00,7.7,kWh,0,7.7
Uttar Pradesh,LMV-11,"Public Charging, BaaS, Swapping Stations",Low Tension (LT),—,202702,9:00,16:00,6.16,kWh,-20,4.928
Uttar Pradesh,LMV-11,"Public Charging, BaaS, Swapping Stations",Low Tension (LT),—,202702,16:00,9:00,7.7,kWh,0,7.7
Uttar Pradesh,LMV-11,"Public Charging, BaaS, Swapping Stations",Low Tension (LT),—,202703,9:00,16:00,6.16,kWh,-20,4.928
Uttar Pradesh,LMV-11,"Public Charging, BaaS, Swapping Stations",Low Tension (LT),—,202703,16:00,9:00,7.7,kWh,0,7.7
Uttar Pradesh,LMV-11,"Public Charging, BaaS, Swapping Stations",High Tension (HT),—,202604,9:00,16:00,5.84,kWh,-20,4.672
Uttar Pradesh,LMV-11,"Public Charging, BaaS, Swapping Stations",High Tension (HT),—,202604,16:00,9:00,7.3,kWh,0,7.3
Uttar Pradesh,LMV-11,"Public Charging, BaaS, Swapping Stations",High Tension (HT),—,202605,9:00,16:00,5.84,kWh,-20,4.672
Uttar Pradesh,LMV-11,"Public Charging, BaaS, Swapping Stations",High Tension (HT),—,202605,16:00,9:00,7.3,kWh,0,7.3
Uttar Pradesh,LMV-11,"Public Charging, BaaS, Swapping Stations",High Tension (HT),—,202606,9:00,16:00,5.84,kWh,-20,4.672
Uttar Pradesh,LMV-11,"Public Charging, BaaS, Swapping Stations",High Tension (HT),—,202606,16:00,9:00,7.3,kWh,0,7.3
Uttar Pradesh,LMV-11,"Public Charging, BaaS, Swapping Stations",High Tension (HT),—,202607,9:00,16:00,5.84,kWh,-20,4.672
Uttar Pradesh,LMV-11,"Public Charging, BaaS, Swapping Stations",High Tension (HT),—,202607,16:00,9:00,7.3,kWh,0,7.3
Uttar Pradesh,LMV-11,"Public Charging, BaaS, Swapping Stations",High Tension (HT),—,202608,9:00,16:00,5.84,kWh,-20,4.672
Uttar Pradesh,LMV-11,"Public Charging, BaaS, Swapping Stations",High Tension (HT),—,202608,16:00,9:00,7.3,kWh,0,7.3
Uttar Pradesh,LMV-11,"Public Charging, BaaS, Swapping Stations",High Tension (HT),—,202609,9:00,16:00,5.84,kWh,-20,4.672
Uttar Pradesh,LMV-11,"Public Charging, BaaS, Swapping Stations",High Tension (HT),—,202609,16:00,9:00,7.3,kWh,0,7.3
Uttar Pradesh,LMV-11,"Public Charging, BaaS, Swapping Stations",High Tension (HT),—,202610,9:00,16:00,5.84,kWh,-20,4.672
Uttar Pradesh,LMV-11,"Public Charging, BaaS, Swapping Stations",High Tension (HT),—,202610,16:00,9:00,7.3,kWh,0,7.3
Uttar Pradesh,LMV-11,"Public Charging, BaaS, Swapping Stations",High Tension (HT),—,202611,9:00,16:00,5.84,kWh,-20,4.672
Uttar Pradesh,LMV-11,"Public Charging, BaaS, Swapping Stations",High Tension (HT),—,202611,16:00,9:00,7.3,kWh,0,7.3
Uttar Pradesh,LMV-11,"Public Charging, BaaS, Swapping Stations",High Tension (HT),—,202612,9:00,16:00,5.84,kWh,-20,4.672
Uttar Pradesh,LMV-11,"Public Charging, BaaS, Swapping Stations",High Tension (HT),—,202612,16:00,9:00,7.3,kWh,0,7.3
Uttar Pradesh,LMV-11,"Public Charging, BaaS, Swapping Stations",High Tension (HT),—,202701,9:00,16:00,5.84,kWh,-20,4.672
Uttar Pradesh,LMV-11,"Public Charging, BaaS, Swapping Stations",High Tension (HT),—,202701,16:00,9:00,7.3,kWh,0,7.3
Uttar Pradesh,LMV-11,"Public Charging, BaaS, Swapping Stations",High Tension (HT),—,202702,9:00,16:00,5.84,kWh,-20,4.672
Uttar Pradesh,LMV-11,"Public Charging, BaaS, Swapping Stations",High Tension (HT),—,202702,16:00,9:00,7.3,kWh,0,7.3
Uttar Pradesh,LMV-11,"Public Charging, BaaS, Swapping Stations",High Tension (HT),—,202703,9:00,16:00,5.84,kWh,-20,4.672
Uttar Pradesh,LMV-11,"Public Charging, BaaS, Swapping Stations",High Tension (HT),—,202703,16:00,9:00,7.3,kWh,0,7.3
Uttar Pradesh,HV-1,"Commercial, Private Inst., Non-Domestic Bulk (>=75 kW)",At 11 kV,11,202604,—,—,8.32,kVAh,0,8.32
Uttar Pradesh,HV-1,"Commercial, Private Inst., Non-Domestic Bulk (>=75 kW)",At 11 kV,11,202605,—,—,8.32,kVAh,0,8.32
Uttar Pradesh,HV-1,"Commercial, Private Inst., Non-Domestic Bulk (>=75 kW)",At 11 kV,11,202606,—,—,8.32,kVAh,0,8.32
Uttar Pradesh,HV-1,"Commercial, Private Inst., Non-Domestic Bulk (>=75 kW)",At 11 kV,11,202607,—,—,8.32,kVAh,0,8.32
Uttar Pradesh,HV-1,"Commercial, Private Inst., Non-Domestic Bulk (>=75 kW)",At 11 kV,11,202608,—,—,8.32,kVAh,0,8.32
Uttar Pradesh,HV-1,"Commercial, Private Inst., Non-Domestic Bulk (>=75 kW)",At 11 kV,11,202609,—,—,8.32,kVAh,0,8.32
Uttar Pradesh,HV-1,"Commercial, Private Inst., Non-Domestic Bulk (>=75 kW)",At 11 kV,11,202610,—,—,8.32,kVAh,0,8.32
Uttar Pradesh,HV-1,"Commercial, Private Inst., Non-Domestic Bulk (>=75 kW)",At 11 kV,11,202611,—,—,8.32,kVAh,0,8.32
Uttar Pradesh,HV-1,"Commercial, Private Inst., Non-Domestic Bulk (>=75 kW)",At 11 kV,11,202612,—,—,8.32,kVAh,0,8.32
Uttar Pradesh,HV-1,"Commercial, Private Inst., Non-Domestic Bulk (>=75 kW)",At 11 kV,11,202701,—,—,8.32,kVAh,0,8.32
Uttar Pradesh,HV-1,"Commercial, Private Inst., Non-Domestic Bulk (>=75 kW)",At 11 kV,11,202702,—,—,8.32,kVAh,0,8.32
Uttar Pradesh,HV-1,"Commercial, Private Inst., Non-Domestic Bulk (>=75 kW)",At 11 kV,11,202703,—,—,8.32,kVAh,0,8.32
Uttar Pradesh,HV-1,"Commercial, Private Inst., Non-Domestic Bulk (>=75 kW)",Above 11 kV,"33,66,132",202604,—,—,8.12,kVAh,0,8.12
Uttar Pradesh,HV-1,"Commercial, Private Inst., Non-Domestic Bulk (>=75 kW)",Above 11 kV,"33,66,132",202605,—,—,8.12,kVAh,0,8.12
Uttar Pradesh,HV-1,"Commercial, Private Inst., Non-Domestic Bulk (>=75 kW)",Above 11 kV,"33,66,132",202606,—,—,8.12,kVAh,0,8.12
Uttar Pradesh,HV-1,"Commercial, Private Inst., Non-Domestic Bulk (>=75 kW)",Above 11 kV,"33,66,132",202607,—,—,8.12,kVAh,0,8.12
Uttar Pradesh,HV-1,"Commercial, Private Inst., Non-Domestic Bulk (>=75 kW)",Above 11 kV,"33,66,132",202608,—,—,8.12,kVAh,0,8.12
Uttar Pradesh,HV-1,"Commercial, Private Inst., Non-Domestic Bulk (>=75 kW)",Above 11 kV,"33,66,132",202609,—,—,8.12,kVAh,0,8.12
Uttar Pradesh,HV-1,"Commercial, Private Inst., Non-Domestic Bulk (>=75 kW)",Above 11 kV,"33,66,132",202610,—,—,8.12,kVAh,0,8.12
Uttar Pradesh,HV-1,"Commercial, Private Inst., Non-Domestic Bulk (>=75 kW)",Above 11 kV,"33,66,132",202611,—,—,8.12,kVAh,0,8.12
Uttar Pradesh,HV-1,"Commercial, Private Inst., Non-Domestic Bulk (>=75 kW)",Above 11 kV,"33,66,132",202612,—,—,8.12,kVAh,0,8.12
Uttar Pradesh,HV-1,"Commercial, Private Inst., Non-Domestic Bulk (>=75 kW)",Above 11 kV,"33,66,132",202701,—,—,8.12,kVAh,0,8.12
Uttar Pradesh,HV-1,"Commercial, Private Inst., Non-Domestic Bulk (>=75 kW)",Above 11 kV,"33,66,132",202702,—,—,8.12,kVAh,0,8.12
Uttar Pradesh,HV-1,"Commercial, Private Inst., Non-Domestic Bulk (>=75 kW)",Above 11 kV,"33,66,132",202703,—,—,8.12,kVAh,0,8.12
Uttar Pradesh,HV-1,"Public Inst., Societies, Townships (>=75 kW)",At 11 kV,11,202604,—,—,7.7,kVAh,0,7.7
Uttar Pradesh,HV-1,"Public Inst., Societies, Townships (>=75 kW)",At 11 kV,11,202605,—,—,7.7,kVAh,0,7.7
Uttar Pradesh,HV-1,"Public Inst., Societies, Townships (>=75 kW)",At 11 kV,11,202606,—,—,7.7,kVAh,0,7.7
Uttar Pradesh,HV-1,"Public Inst., Societies, Townships (>=75 kW)",At 11 kV,11,202607,—,—,7.7,kVAh,0,7.7
Uttar Pradesh,HV-1,"Public Inst., Societies, Townships (>=75 kW)",At 11 kV,11,202608,—,—,7.7,kVAh,0,7.7
Uttar Pradesh,HV-1,"Public Inst., Societies, Townships (>=75 kW)",At 11 kV,11,202609,—,—,7.7,kVAh,0,7.7
Uttar Pradesh,HV-1,"Public Inst., Societies, Townships (>=75 kW)",At 11 kV,11,202610,—,—,7.7,kVAh,0,7.7
Uttar Pradesh,HV-1,"Public Inst., Societies, Townships (>=75 kW)",At 11 kV,11,202611,—,—,7.7,kVAh,0,7.7
Uttar Pradesh,HV-1,"Public Inst., Societies, Townships (>=75 kW)",At 11 kV,11,202612,—,—,7.7,kVAh,0,7.7
Uttar Pradesh,HV-1,"Public Inst., Societies, Townships (>=75 kW)",At 11 kV,11,202701,—,—,7.7,kVAh,0,7.7
Uttar Pradesh,HV-1,"Public Inst., Societies, Townships (>=75 kW)",At 11 kV,11,202702,—,—,7.7,kVAh,0,7.7
Uttar Pradesh,HV-1,"Public Inst., Societies, Townships (>=75 kW)",At 11 kV,11,202703,—,—,7.7,kVAh,0,7.7
Uttar Pradesh,HV-1,"Public Inst., Societies, Townships (>=75 kW)",Above 11 kV,"33,66,132",202604,—,—,7.5,kVAh,0,7.5
Uttar Pradesh,HV-1,"Public Inst., Societies, Townships (>=75 kW)",Above 11 kV,"33,66,132",202605,—,—,7.5,kVAh,0,7.5
Uttar Pradesh,HV-1,"Public Inst., Societies, Townships (>=75 kW)",Above 11 kV,"33,66,132",202606,—,—,7.5,kVAh,0,7.5
Uttar Pradesh,HV-1,"Public Inst., Societies, Townships (>=75 kW)",Above 11 kV,"33,66,132",202607,—,—,7.5,kVAh,0,7.5
Uttar Pradesh,HV-1,"Public Inst., Societies, Townships (>=75 kW)",Above 11 kV,"33,66,132",202608,—,—,7.5,kVAh,0,7.5
Uttar Pradesh,HV-1,"Public Inst., Societies, Townships (>=75 kW)",Above 11 kV,"33,66,132",202609,—,—,7.5,kVAh,0,7.5
Uttar Pradesh,HV-1,"Public Inst., Societies, Townships (>=75 kW)",Above 11 kV,"33,66,132",202610,—,—,7.5,kVAh,0,7.5
Uttar Pradesh,HV-1,"Public Inst., Societies, Townships (>=75 kW)",Above 11 kV,"33,66,132",202611,—,—,7.5,kVAh,0,7.5
Uttar Pradesh,HV-1,"Public Inst., Societies, Townships (>=75 kW)",Above 11 kV,"33,66,132",202612,—,—,7.5,kVAh,0,7.5
Uttar Pradesh,HV-1,"Public Inst., Societies, Townships (>=75 kW)",Above 11 kV,"33,66,132",202701,—,—,7.5,kVAh,0,7.5
Uttar Pradesh,HV-1,"Public Inst., Societies, Townships (>=75 kW)",Above 11 kV,"33,66,132",202702,—,—,7.5,kVAh,0,7.5
Uttar Pradesh,HV-1,"Public Inst., Societies, Townships (>=75 kW)",Above 11 kV,"33,66,132",202703,—,—,7.5,kVAh,0,7.5
Uttar Pradesh,HV-2,Urban Schedule (Large & Heavy Power),Up to 11 kV,11,202604,5:00,10:00,6.035,kVAh,-15,5.12975
Uttar Pradesh,HV-2,Urban Schedule (Large & Heavy Power),Up to 11 kV,11,202604,10:00,19:00,7.1,kVAh,0,7.1
Uttar Pradesh,HV-2,Urban Schedule (Large & Heavy Power),Up to 11 kV,11,202604,19:00,3:00,8.165,kVAh,15,9.38975
Uttar Pradesh,HV-2,Urban Schedule (Large & Heavy Power),Up to 11 kV,11,202604,3:00,5:00,7.1,kVAh,0,7.1
Uttar Pradesh,HV-2,Urban Schedule (Large & Heavy Power),Up to 11 kV,11,202605,5:00,10:00,6.035,kVAh,-15,5.12975
Uttar Pradesh,HV-2,Urban Schedule (Large & Heavy Power),Up to 11 kV,11,202605,10:00,19:00,7.1,kVAh,0,7.1
Uttar Pradesh,HV-2,Urban Schedule (Large & Heavy Power),Up to 11 kV,11,202605,19:00,3:00,8.165,kVAh,15,9.38975
Uttar Pradesh,HV-2,Urban Schedule (Large & Heavy Power),Up to 11 kV,11,202605,3:00,5:00,7.1,kVAh,0,7.1
Uttar Pradesh,HV-2,Urban Schedule (Large & Heavy Power),Up to 11 kV,11,202606,5:00,10:00,6.035,kVAh,-15,5.12975
Uttar Pradesh,HV-2,Urban Schedule (Large & Heavy Power),Up to 11 kV,11,202606,10:00,19:00,7.1,kVAh,0,7.1
Uttar Pradesh,HV-2,Urban Schedule (Large & Heavy Power),Up to 11 kV,11,202606,19:00,3:00,8.165,kVAh,15,9.38975
Uttar Pradesh,HV-2,Urban Schedule (Large & Heavy Power),Up to 11 kV,11,202606,3:00,5:00,7.1,kVAh,0,7.1
Uttar Pradesh,HV-2,Urban Schedule (Large & Heavy Power),Up to 11 kV,11,202607,5:00,10:00,6.035,kVAh,-15,5.12975
Uttar Pradesh,HV-2,Urban Schedule (Large & Heavy Power),Up to 11 kV,11,202607,10:00,19:00,7.1,kVAh,0,7.1
Uttar Pradesh,HV-2,Urban Schedule (Large & Heavy Power),Up to 11 kV,11,202607,19:00,3:00,8.165,kVAh,15,9.38975
Uttar Pradesh,HV-2,Urban Schedule (Large & Heavy Power),Up to 11 kV,11,202607,3:00,5:00,7.1,kVAh,0,7.1
Uttar Pradesh,HV-2,Urban Schedule (Large & Heavy Power),Up to 11 kV,11,202608,5:00,10:00,6.035,kVAh,-15,5.12975
Uttar Pradesh,HV-2,Urban Schedule (Large & Heavy Power),Up to 11 kV,11,202608,10:00,19:00,7.1,kVAh,0,7.1
Uttar Pradesh,HV-2,Urban Schedule (Large & Heavy Power),Up to 11 kV,11,202608,19:00,3:00,8.165,kVAh,15,9.38975
Uttar Pradesh,HV-2,Urban Schedule (Large & Heavy Power),Up to 11 kV,11,202608,3:00,5:00,7.1,kVAh,0,7.1
Uttar Pradesh,HV-2,Urban Schedule (Large & Heavy Power),Up to 11 kV,11,202609,5:00,10:00,6.035,kVAh,-15,5.12975
Uttar Pradesh,HV-2,Urban Schedule (Large & Heavy Power),Up to 11 kV,11,202609,10:00,19:00,7.1,kVAh,0,7.1
Uttar Pradesh,HV-2,Urban Schedule (Large & Heavy Power),Up to 11 kV,11,202609,19:00,3:00,8.165,kVAh,15,9.38975
Uttar Pradesh,HV-2,Urban Schedule (Large & Heavy Power),Up to 11 kV,11,202609,3:00,5:00,7.1,kVAh,0,7.1
Uttar Pradesh,HV-2,Urban Schedule (Large & Heavy Power),Up to 11 kV,11,202610,5:00,11:00,7.1,kVAh,0,7.1
Uttar Pradesh,HV-2,Urban Schedule (Large & Heavy Power),Up to 11 kV,11,202610,11:00,17:00,7.1,kVAh,0,7.1
Uttar Pradesh,HV-2,Urban Schedule (Large & Heavy Power),Up to 11 kV,11,202610,17:00,23:00,8.165,kVAh,15,9.38975
Uttar Pradesh,HV-2,Urban Schedule (Large & Heavy Power),Up to 11 kV,11,202610,23:00,5:00,6.035,kVAh,-15,5.12975
Uttar Pradesh,HV-2,Urban Schedule (Large & Heavy Power),Up to 11 kV,11,202611,5:00,11:00,7.1,kVAh,0,7.1
Uttar Pradesh,HV-2,Urban Schedule (Large & Heavy Power),Up to 11 kV,11,202611,11:00,17:00,7.1,kVAh,0,7.1
Uttar Pradesh,HV-2,Urban Schedule (Large & Heavy Power),Up to 11 kV,11,202611,17:00,23:00,8.165,kVAh,15,9.38975
Uttar Pradesh,HV-2,Urban Schedule (Large & Heavy Power),Up to 11 kV,11,202611,23:00,5:00,6.035,kVAh,-15,5.12975
Uttar Pradesh,HV-2,Urban Schedule (Large & Heavy Power),Up to 11 kV,11,202612,5:00,11:00,7.1,kVAh,0,7.1
Uttar Pradesh,HV-2,Urban Schedule (Large & Heavy Power),Up to 11 kV,11,202612,11:00,17:00,7.1,kVAh,0,7.1
Uttar Pradesh,HV-2,Urban Schedule (Large & Heavy Power),Up to 11 kV,11,202612,17:00,23:00,8.165,kVAh,15,9.38975
Uttar Pradesh,HV-2,Urban Schedule (Large & Heavy Power),Up to 11 kV,11,202612,23:00,5:00,6.035,kVAh,-15,5.12975
Uttar Pradesh,HV-2,Urban Schedule (Large & Heavy Power),Up to 11 kV,11,202701,5:00,11:00,7.1,kVAh,0,7.1
Uttar Pradesh,HV-2,Urban Schedule (Large & Heavy Power),Up to 11 kV,11,202701,11:00,17:00,7.1,kVAh,0,7.1
Uttar Pradesh,HV-2,Urban Schedule (Large & Heavy Power),Up to 11 kV,11,202701,17:00,23:00,8.165,kVAh,15,9.38975
Uttar Pradesh,HV-2,Urban Schedule (Large & Heavy Power),Up to 11 kV,11,202701,23:00,5:00,6.035,kVAh,-15,5.12975
Uttar Pradesh,HV-2,Urban Schedule (Large & Heavy Power),Up to 11 kV,11,202702,5:00,11:00,7.1,kVAh,0,7.1
Uttar Pradesh,HV-2,Urban Schedule (Large & Heavy Power),Up to 11 kV,11,202702,11:00,17:00,7.1,kVAh,0,7.1
Uttar Pradesh,HV-2,Urban Schedule (Large & Heavy Power),Up to 11 kV,11,202702,17:00,23:00,8.165,kVAh,15,9.38975
Uttar Pradesh,HV-2,Urban Schedule (Large & Heavy Power),Up to 11 kV,11,202702,23:00,5:00,6.035,kVAh,-15,5.12975
Uttar Pradesh,HV-2,Urban Schedule (Large & Heavy Power),Up to 11 kV,11,202703,5:00,11:00,7.1,kVAh,0,7.1
Uttar Pradesh,HV-2,Urban Schedule (Large & Heavy Power),Up to 11 kV,11,202703,11:00,17:00,7.1,kVAh,0,7.1
Uttar Pradesh,HV-2,Urban Schedule (Large & Heavy Power),Up to 11 kV,11,202703,17:00,23:00,8.165,kVAh,15,9.38975
Uttar Pradesh,HV-2,Urban Schedule (Large & Heavy Power),Up to 11 kV,11,202703,23:00,5:00,6.035,kVAh,-15,5.12975
Uttar Pradesh,HV-2,Urban Schedule (Large & Heavy Power),Above 11 kV to 66 kV,"33,66",202604,5:00,10:00,5.78,kVAh,-15,4.913
Uttar Pradesh,HV-2,Urban Schedule (Large & Heavy Power),Above 11 kV to 66 kV,"33,66",202604,10:00,19:00,6.8,kVAh,0,6.8
Uttar Pradesh,HV-2,Urban Schedule (Large & Heavy Power),Above 11 kV to 66 kV,"33,66",202604,19:00,3:00,7.82,kVAh,15,8.993
Uttar Pradesh,HV-2,Urban Schedule (Large & Heavy Power),Above 11 kV to 66 kV,"33,66",202604,3:00,5:00,6.8,kVAh,0,6.8
Uttar Pradesh,HV-2,Urban Schedule (Large & Heavy Power),Above 11 kV to 66 kV,"33,66",202605,5:00,10:00,5.78,kVAh,-15,4.913
Uttar Pradesh,HV-2,Urban Schedule (Large & Heavy Power),Above 11 kV to 66 kV,"33,66",202605,10:00,19:00,6.8,kVAh,0,6.8
Uttar Pradesh,HV-2,Urban Schedule (Large & Heavy Power),Above 11 kV to 66 kV,"33,66",202605,19:00,3:00,7.82,kVAh,15,8.993
Uttar Pradesh,HV-2,Urban Schedule (Large & Heavy Power),Above 11 kV to 66 kV,"33,66",202605,3:00,5:00,6.8,kVAh,0,6.8
Uttar Pradesh,HV-2,Urban Schedule (Large & Heavy Power),Above 11 kV to 66 kV,"33,66",202606,5:00,10:00,5.78,kVAh,-15,4.913
Uttar Pradesh,HV-2,Urban Schedule (Large & Heavy Power),Above 11 kV to 66 kV,"33,66",202606,10:00,19:00,6.8,kVAh,0,6.8
Uttar Pradesh,HV-2,Urban Schedule (Large & Heavy Power),Above 11 kV to 66 kV,"33,66",202606,19:00,3:00,7.82,kVAh,15,8.993
Uttar Pradesh,HV-2,Urban Schedule (Large & Heavy Power),Above 11 kV to 66 kV,"33,66",202606,3:00,5:00,6.8,kVAh,0,6.8
Uttar Pradesh,HV-2,Urban Schedule (Large & Heavy Power),Above 11 kV to 66 kV,"33,66",202607,5:00,10:00,5.78,kVAh,-15,4.913
Uttar Pradesh,HV-2,Urban Schedule (Large & Heavy Power),Above 11 kV to 66 kV,"33,66",202607,10:00,19:00,6.8,kVAh,0,6.8
Uttar Pradesh,HV-2,Urban Schedule (Large & Heavy Power),Above 11 kV to 66 kV,"33,66",202607,19:00,3:00,7.82,kVAh,15,8.993
Uttar Pradesh,HV-2,Urban Schedule (Large & Heavy Power),Above 11 kV to 66 kV,"33,66",202607,3:00,5:00,6.8,kVAh,0,6.8
Uttar Pradesh,HV-2,Urban Schedule (Large & Heavy Power),Above 11 kV to 66 kV,"33,66",202608,5:00,10:00,5.78,kVAh,-15,4.913
Uttar Pradesh,HV-2,Urban Schedule (Large & Heavy Power),Above 11 kV to 66 kV,"33,66",202608,10:00,19:00,6.8,kVAh,0,6.8
Uttar Pradesh,HV-2,Urban Schedule (Large & Heavy Power),Above 11 kV to 66 kV,"33,66",202608,19:00,3:00,7.82,kVAh,15,8.993
Uttar Pradesh,HV-2,Urban Schedule (Large & Heavy Power),Above 11 kV to 66 kV,"33,66",202608,3:00,5:00,6.8,kVAh,0,6.8
Uttar Pradesh,HV-2,Urban Schedule (Large & Heavy Power),Above 11 kV to 66 kV,"33,66",202609,5:00,10:00,5.78,kVAh,-15,4.913
Uttar Pradesh,HV-2,Urban Schedule (Large & Heavy Power),Above 11 kV to 66 kV,"33,66",202609,10:00,19:00,6.8,kVAh,0,6.8
Uttar Pradesh,HV-2,Urban Schedule (Large & Heavy Power),Above 11 kV to 66 kV,"33,66",202609,19:00,3:00,7.82,kVAh,15,8.993
Uttar Pradesh,HV-2,Urban Schedule (Large & Heavy Power),Above 11 kV to 66 kV,"33,66",202609,3:00,5:00,6.8,kVAh,0,6.8
Uttar Pradesh,HV-2,Urban Schedule (Large & Heavy Power),Above 11 kV to 66 kV,"33,66",202610,5:00,11:00,6.8,kVAh,0,6.8
Uttar Pradesh,HV-2,Urban Schedule (Large & Heavy Power),Above 11 kV to 66 kV,"33,66",202610,11:00,17:00,6.8,kVAh,0,6.8
Uttar Pradesh,HV-2,Urban Schedule (Large & Heavy Power),Above 11 kV to 66 kV,"33,66",202610,17:00,23:00,7.82,kVAh,15,8.993
Uttar Pradesh,HV-2,Urban Schedule (Large & Heavy Power),Above 11 kV to 66 kV,"33,66",202610,23:00,5:00,5.78,kVAh,-15,4.913
Uttar Pradesh,HV-2,Urban Schedule (Large & Heavy Power),Above 11 kV to 66 kV,"33,66",202611,5:00,11:00,6.8,kVAh,0,6.8
Uttar Pradesh,HV-2,Urban Schedule (Large & Heavy Power),Above 11 kV to 66 kV,"33,66",202611,11:00,17:00,6.8,kVAh,0,6.8
Uttar Pradesh,HV-2,Urban Schedule (Large & Heavy Power),Above 11 kV to 66 kV,"33,66",202611,17:00,23:00,7.82,kVAh,15,8.993
Uttar Pradesh,HV-2,Urban Schedule (Large & Heavy Power),Above 11 kV to 66 kV,"33,66",202611,23:00,5:00,5.78,kVAh,-15,4.913
Uttar Pradesh,HV-2,Urban Schedule (Large & Heavy Power),Above 11 kV to 66 kV,"33,66",202612,5:00,11:00,6.8,kVAh,0,6.8
Uttar Pradesh,HV-2,Urban Schedule (Large & Heavy Power),Above 11 kV to 66 kV,"33,66",202612,11:00,17:00,6.8,kVAh,0,6.8
Uttar Pradesh,HV-2,Urban Schedule (Large & Heavy Power),Above 11 kV to 66 kV,"33,66",202612,17:00,23:00,7.82,kVAh,15,8.993
Uttar Pradesh,HV-2,Urban Schedule (Large & Heavy Power),Above 11 kV to 66 kV,"33,66",202612,23:00,5:00,5.78,kVAh,-15,4.913
Uttar Pradesh,HV-2,Urban Schedule (Large & Heavy Power),Above 11 kV to 66 kV,"33,66",202701,5:00,11:00,6.8,kVAh,0,6.8
Uttar Pradesh,HV-2,Urban Schedule (Large & Heavy Power),Above 11 kV to 66 kV,"33,66",202701,11:00,17:00,6.8,kVAh,0,6.8
Uttar Pradesh,HV-2,Urban Schedule (Large & Heavy Power),Above 11 kV to 66 kV,"33,66",202701,17:00,23:00,7.82,kVAh,15,8.993
Uttar Pradesh,HV-2,Urban Schedule (Large & Heavy Power),Above 11 kV to 66 kV,"33,66",202701,23:00,5:00,5.78,kVAh,-15,4.913
Uttar Pradesh,HV-2,Urban Schedule (Large & Heavy Power),Above 11 kV to 66 kV,"33,66",202702,5:00,11:00,6.8,kVAh,0,6.8
Uttar Pradesh,HV-2,Urban Schedule (Large & Heavy Power),Above 11 kV to 66 kV,"33,66",202702,11:00,17:00,6.8,kVAh,0,6.8
Uttar Pradesh,HV-2,Urban Schedule (Large & Heavy Power),Above 11 kV to 66 kV,"33,66",202702,17:00,23:00,7.82,kVAh,15,8.993
Uttar Pradesh,HV-2,Urban Schedule (Large & Heavy Power),Above 11 kV to 66 kV,"33,66",202702,23:00,5:00,5.78,kVAh,-15,4.913
Uttar Pradesh,HV-2,Urban Schedule (Large & Heavy Power),Above 11 kV to 66 kV,"33,66",202703,5:00,11:00,6.8,kVAh,0,6.8
Uttar Pradesh,HV-2,Urban Schedule (Large & Heavy Power),Above 11 kV to 66 kV,"33,66",202703,11:00,17:00,6.8,kVAh,0,6.8
Uttar Pradesh,HV-2,Urban Schedule (Large & Heavy Power),Above 11 kV to 66 kV,"33,66",202703,17:00,23:00,7.82,kVAh,15,8.993
Uttar Pradesh,HV-2,Urban Schedule (Large & Heavy Power),Above 11 kV to 66 kV,"33,66",202703,23:00,5:00,5.78,kVAh,-15,4.913
Uttar Pradesh,HV-2,Urban Schedule (Large & Heavy Power),Above 66 kV to 132 kV,132,202604,5:00,10:00,5.44,kVAh,-15,4.624
Uttar Pradesh,HV-2,Urban Schedule (Large & Heavy Power),Above 66 kV to 132 kV,132,202604,10:00,19:00,6.4,kVAh,0,6.4
Uttar Pradesh,HV-2,Urban Schedule (Large & Heavy Power),Above 66 kV to 132 kV,132,202604,19:00,3:00,7.36,kVAh,15,8.464
Uttar Pradesh,HV-2,Urban Schedule (Large & Heavy Power),Above 66 kV to 132 kV,132,202604,3:00,5:00,6.4,kVAh,0,6.4
Uttar Pradesh,HV-2,Urban Schedule (Large & Heavy Power),Above 66 kV to 132 kV,132,202605,5:00,10:00,5.44,kVAh,-15,4.624
Uttar Pradesh,HV-2,Urban Schedule (Large & Heavy Power),Above 66 kV to 132 kV,132,202605,10:00,19:00,6.4,kVAh,0,6.4
Uttar Pradesh,HV-2,Urban Schedule (Large & Heavy Power),Above 66 kV to 132 kV,132,202605,19:00,3:00,7.36,kVAh,15,8.464
Uttar Pradesh,HV-2,Urban Schedule (Large & Heavy Power),Above 66 kV to 132 kV,132,202605,3:00,5:00,6.4,kVAh,0,6.4
Uttar Pradesh,HV-2,Urban Schedule (Large & Heavy Power),Above 66 kV to 132 kV,132,202606,5:00,10:00,5.44,kVAh,-15,4.624
Uttar Pradesh,HV-2,Urban Schedule (Large & Heavy Power),Above 66 kV to 132 kV,132,202606,10:00,19:00,6.4,kVAh,0,6.4
Uttar Pradesh,HV-2,Urban Schedule (Large & Heavy Power),Above 66 kV to 132 kV,132,202606,19:00,3:00,7.36,kVAh,15,8.464
Uttar Pradesh,HV-2,Urban Schedule (Large & Heavy Power),Above 66 kV to 132 kV,132,202606,3:00,5:00,6.4,kVAh,0,6.4
Uttar Pradesh,HV-2,Urban Schedule (Large & Heavy Power),Above 66 kV to 132 kV,132,202607,5:00,10:00,5.44,kVAh,-15,4.624
Uttar Pradesh,HV-2,Urban Schedule (Large & Heavy Power),Above 66 kV to 132 kV,132,202607,10:00,19:00,6.4,kVAh,0,6.4
Uttar Pradesh,HV-2,Urban Schedule (Large & Heavy Power),Above 66 kV to 132 kV,132,202607,19:00,3:00,7.36,kVAh,15,8.464
Uttar Pradesh,HV-2,Urban Schedule (Large & Heavy Power),Above 66 kV to 132 kV,132,202607,3:00,5:00,6.4,kVAh,0,6.4
Uttar Pradesh,HV-2,Urban Schedule (Large & Heavy Power),Above 66 kV to 132 kV,132,202608,5:00,10:00,5.44,kVAh,-15,4.624
Uttar Pradesh,HV-2,Urban Schedule (Large & Heavy Power),Above 66 kV to 132 kV,132,202608,10:00,19:00,6.4,kVAh,0,6.4
Uttar Pradesh,HV-2,Urban Schedule (Large & Heavy Power),Above 66 kV to 132 kV,132,202608,19:00,3:00,7.36,kVAh,15,8.464
Uttar Pradesh,HV-2,Urban Schedule (Large & Heavy Power),Above 66 kV to 132 kV,132,202608,3:00,5:00,6.4,kVAh,0,6.4
Uttar Pradesh,HV-2,Urban Schedule (Large & Heavy Power),Above 66 kV to 132 kV,132,202609,5:00,10:00,5.44,kVAh,-15,4.624
Uttar Pradesh,HV-2,Urban Schedule (Large & Heavy Power),Above 66 kV to 132 kV,132,202609,10:00,19:00,6.4,kVAh,0,6.4
Uttar Pradesh,HV-2,Urban Schedule (Large & Heavy Power),Above 66 kV to 132 kV,132,202609,19:00,3:00,7.36,kVAh,15,8.464
Uttar Pradesh,HV-2,Urban Schedule (Large & Heavy Power),Above 66 kV to 132 kV,132,202609,3:00,5:00,6.4,kVAh,0,6.4
Uttar Pradesh,HV-2,Urban Schedule (Large & Heavy Power),Above 66 kV to 132 kV,132,202610,5:00,11:00,6.4,kVAh,0,6.4
Uttar Pradesh,HV-2,Urban Schedule (Large & Heavy Power),Above 66 kV to 132 kV,132,202610,11:00,17:00,6.4,kVAh,0,6.4
Uttar Pradesh,HV-2,Urban Schedule (Large & Heavy Power),Above 66 kV to 132 kV,132,202610,17:00,23:00,7.36,kVAh,15,8.464
Uttar Pradesh,HV-2,Urban Schedule (Large & Heavy Power),Above 66 kV to 132 kV,132,202610,23:00,5:00,5.44,kVAh,-15,4.624
Uttar Pradesh,HV-2,Urban Schedule (Large & Heavy Power),Above 66 kV to 132 kV,132,202611,5:00,11:00,6.4,kVAh,0,6.4
Uttar Pradesh,HV-2,Urban Schedule (Large & Heavy Power),Above 66 kV to 132 kV,132,202611,11:00,17:00,6.4,kVAh,0,6.4
Uttar Pradesh,HV-2,Urban Schedule (Large & Heavy Power),Above 66 kV to 132 kV,132,202611,17:00,23:00,7.36,kVAh,15,8.464
Uttar Pradesh,HV-2,Urban Schedule (Large & Heavy Power),Above 66 kV to 132 kV,132,202611,23:00,5:00,5.44,kVAh,-15,4.624
Uttar Pradesh,HV-2,Urban Schedule (Large & Heavy Power),Above 66 kV to 132 kV,132,202612,5:00,11:00,6.4,kVAh,0,6.4
Uttar Pradesh,HV-2,Urban Schedule (Large & Heavy Power),Above 66 kV to 132 kV,132,202612,11:00,17:00,6.4,kVAh,0,6.4
Uttar Pradesh,HV-2,Urban Schedule (Large & Heavy Power),Above 66 kV to 132 kV,132,202612,17:00,23:00,7.36,kVAh,15,8.464
Uttar Pradesh,HV-2,Urban Schedule (Large & Heavy Power),Above 66 kV to 132 kV,132,202612,23:00,5:00,5.44,kVAh,-15,4.624
Uttar Pradesh,HV-2,Urban Schedule (Large & Heavy Power),Above 66 kV to 132 kV,132,202701,5:00,11:00,6.4,kVAh,0,6.4
Uttar Pradesh,HV-2,Urban Schedule (Large & Heavy Power),Above 66 kV to 132 kV,132,202701,11:00,17:00,6.4,kVAh,0,6.4
Uttar Pradesh,HV-2,Urban Schedule (Large & Heavy Power),Above 66 kV to 132 kV,132,202701,17:00,23:00,7.36,kVAh,15,8.464
Uttar Pradesh,HV-2,Urban Schedule (Large & Heavy Power),Above 66 kV to 132 kV,132,202701,23:00,5:00,5.44,kVAh,-15,4.624
Uttar Pradesh,HV-2,Urban Schedule (Large & Heavy Power),Above 66 kV to 132 kV,132,202702,5:00,11:00,6.4,kVAh,0,6.4
Uttar Pradesh,HV-2,Urban Schedule (Large & Heavy Power),Above 66 kV to 132 kV,132,202702,11:00,17:00,6.4,kVAh,0,6.4
Uttar Pradesh,HV-2,Urban Schedule (Large & Heavy Power),Above 66 kV to 132 kV,132,202702,17:00,23:00,7.36,kVAh,15,8.464
Uttar Pradesh,HV-2,Urban Schedule (Large & Heavy Power),Above 66 kV to 132 kV,132,202702,23:00,5:00,5.44,kVAh,-15,4.624
Uttar Pradesh,HV-2,Urban Schedule (Large & Heavy Power),Above 66 kV to 132 kV,132,202703,5:00,11:00,6.4,kVAh,0,6.4
Uttar Pradesh,HV-2,Urban Schedule (Large & Heavy Power),Above 66 kV to 132 kV,132,202703,11:00,17:00,6.4,kVAh,0,6.4
Uttar Pradesh,HV-2,Urban Schedule (Large & Heavy Power),Above 66 kV to 132 kV,132,202703,17:00,23:00,7.36,kVAh,15,8.464
Uttar Pradesh,HV-2,Urban Schedule (Large & Heavy Power),Above 66 kV to 132 kV,132,202703,23:00,5:00,5.44,kVAh,-15,4.624
Uttar Pradesh,HV-2,Urban Schedule (Large & Heavy Power),Above 132 kV,"220,400,765",202604,5:00,10:00,5.185,kVAh,-15,4.40725
Uttar Pradesh,HV-2,Urban Schedule (Large & Heavy Power),Above 132 kV,"220,400,765",202604,10:00,19:00,6.1,kVAh,0,6.1
Uttar Pradesh,HV-2,Urban Schedule (Large & Heavy Power),Above 132 kV,—,202604,19:00,3:00,7.015,kVAh,15,8.06725
Uttar Pradesh,HV-2,Urban Schedule (Large & Heavy Power),Above 132 kV,—,202604,3:00,5:00,6.1,kVAh,0,6.1
Uttar Pradesh,HV-2,Urban Schedule (Large & Heavy Power),Above 132 kV,—,202605,5:00,10:00,5.185,kVAh,-15,4.40725
Uttar Pradesh,HV-2,Urban Schedule (Large & Heavy Power),Above 132 kV,—,202605,10:00,19:00,6.1,kVAh,0,6.1
Uttar Pradesh,HV-2,Urban Schedule (Large & Heavy Power),Above 132 kV,—,202605,19:00,3:00,7.015,kVAh,15,8.06725
Uttar Pradesh,HV-2,Urban Schedule (Large & Heavy Power),Above 132 kV,—,202605,3:00,5:00,6.1,kVAh,0,6.1
Uttar Pradesh,HV-2,Urban Schedule (Large & Heavy Power),Above 132 kV,—,202606,5:00,10:00,5.185,kVAh,-15,4.40725
Uttar Pradesh,HV-2,Urban Schedule (Large & Heavy Power),Above 132 kV,—,202606,10:00,19:00,6.1,kVAh,0,6.1
Uttar Pradesh,HV-2,Urban Schedule (Large & Heavy Power),Above 132 kV,—,202606,19:00,3:00,7.015,kVAh,15,8.06725
Uttar Pradesh,HV-2,Urban Schedule (Large & Heavy Power),Above 132 kV,—,202606,3:00,5:00,6.1,kVAh,0,6.1
Uttar Pradesh,HV-2,Urban Schedule (Large & Heavy Power),Above 132 kV,—,202607,5:00,10:00,5.185,kVAh,-15,4.40725
Uttar Pradesh,HV-2,Urban Schedule (Large & Heavy Power),Above 132 kV,—,202607,10:00,19:00,6.1,kVAh,0,6.1
Uttar Pradesh,HV-2,Urban Schedule (Large & Heavy Power),Above 132 kV,—,202607,19:00,3:00,7.015,kVAh,15,8.06725
Uttar Pradesh,HV-2,Urban Schedule (Large & Heavy Power),Above 132 kV,—,202607,3:00,5:00,6.1,kVAh,0,6.1
Uttar Pradesh,HV-2,Urban Schedule (Large & Heavy Power),Above 132 kV,—,202608,5:00,10:00,5.185,kVAh,-15,4.40725
Uttar Pradesh,HV-2,Urban Schedule (Large & Heavy Power),Above 132 kV,—,202608,10:00,19:00,6.1,kVAh,0,6.1
Uttar Pradesh,HV-2,Urban Schedule (Large & Heavy Power),Above 132 kV,—,202608,19:00,3:00,7.015,kVAh,15,8.06725
Uttar Pradesh,HV-2,Urban Schedule (Large & Heavy Power),Above 132 kV,—,202608,3:00,5:00,6.1,kVAh,0,6.1
Uttar Pradesh,HV-2,Urban Schedule (Large & Heavy Power),Above 132 kV,—,202609,5:00,10:00,5.185,kVAh,-15,4.40725
Uttar Pradesh,HV-2,Urban Schedule (Large & Heavy Power),Above 132 kV,—,202609,10:00,19:00,6.1,kVAh,0,6.1
Uttar Pradesh,HV-2,Urban Schedule (Large & Heavy Power),Above 132 kV,—,202609,19:00,3:00,7.015,kVAh,15,8.06725
Uttar Pradesh,HV-2,Urban Schedule (Large & Heavy Power),Above 132 kV,—,202609,3:00,5:00,6.1,kVAh,0,6.1
Uttar Pradesh,HV-2,Urban Schedule (Large & Heavy Power),Above 132 kV,—,202610,5:00,11:00,6.1,kVAh,0,6.1
Uttar Pradesh,HV-2,Urban Schedule (Large & Heavy Power),Above 132 kV,—,202610,11:00,17:00,6.1,kVAh,0,6.1
Uttar Pradesh,HV-2,Urban Schedule (Large & Heavy Power),Above 132 kV,—,202610,17:00,23:00,7.015,kVAh,15,8.06725
Uttar Pradesh,HV-2,Urban Schedule (Large & Heavy Power),Above 132 kV,—,202610,23:00,5:00,5.185,kVAh,-15,4.40725
Uttar Pradesh,HV-2,Urban Schedule (Large & Heavy Power),Above 132 kV,—,202611,5:00,11:00,6.1,kVAh,0,6.1
Uttar Pradesh,HV-2,Urban Schedule (Large & Heavy Power),Above 132 kV,—,202611,11:00,17:00,6.1,kVAh,0,6.1
Uttar Pradesh,HV-2,Urban Schedule (Large & Heavy Power),Above 132 kV,—,202611,17:00,23:00,7.015,kVAh,15,8.06725
Uttar Pradesh,HV-2,Urban Schedule (Large & Heavy Power),Above 132 kV,—,202611,23:00,5:00,5.185,kVAh,-15,4.40725
Uttar Pradesh,HV-2,Urban Schedule (Large & Heavy Power),Above 132 kV,—,202612,5:00,11:00,6.1,kVAh,0,6.1
Uttar Pradesh,HV-2,Urban Schedule (Large & Heavy Power),Above 132 kV,—,202612,11:00,17:00,6.1,kVAh,0,6.1
Uttar Pradesh,HV-2,Urban Schedule (Large & Heavy Power),Above 132 kV,—,202612,17:00,23:00,7.015,kVAh,15,8.06725
Uttar Pradesh,HV-2,Urban Schedule (Large & Heavy Power),Above 132 kV,—,202612,23:00,5:00,5.185,kVAh,-15,4.40725
Uttar Pradesh,HV-2,Urban Schedule (Large & Heavy Power),Above 132 kV,—,202701,5:00,11:00,6.1,kVAh,0,6.1
Uttar Pradesh,HV-2,Urban Schedule (Large & Heavy Power),Above 132 kV,—,202701,11:00,17:00,6.1,kVAh,0,6.1
Uttar Pradesh,HV-2,Urban Schedule (Large & Heavy Power),Above 132 kV,—,202701,17:00,23:00,7.015,kVAh,15,8.06725
Uttar Pradesh,HV-2,Urban Schedule (Large & Heavy Power),Above 132 kV,—,202701,23:00,5:00,5.185,kVAh,-15,4.40725
Uttar Pradesh,HV-2,Urban Schedule (Large & Heavy Power),Above 132 kV,—,202702,5:00,11:00,6.1,kVAh,0,6.1
Uttar Pradesh,HV-2,Urban Schedule (Large & Heavy Power),Above 132 kV,—,202702,11:00,17:00,6.1,kVAh,0,6.1
Uttar Pradesh,HV-2,Urban Schedule (Large & Heavy Power),Above 132 kV,—,202702,17:00,23:00,7.015,kVAh,15,8.06725
Uttar Pradesh,HV-2,Urban Schedule (Large & Heavy Power),Above 132 kV,—,202702,23:00,5:00,5.185,kVAh,-15,4.40725
Uttar Pradesh,HV-2,Urban Schedule (Large & Heavy Power),Above 132 kV,—,202703,5:00,11:00,6.1,kVAh,0,6.1
Uttar Pradesh,HV-2,Urban Schedule (Large & Heavy Power),Above 132 kV,—,202703,11:00,17:00,6.1,kVAh,0,6.1
Uttar Pradesh,HV-2,Urban Schedule (Large & Heavy Power),Above 132 kV,—,202703,17:00,23:00,7.015,kVAh,15,8.06725
Uttar Pradesh,HV-2,Urban Schedule (Large & Heavy Power),Above 132 kV,—,202703,23:00,5:00,5.185,kVAh,-15,4.40725